mode,coeff_constant,coeff_travel_time,coeff_waiting_time,coeff_access_time
Car,0.0,-0.06626,0.0,-0.048524
Ped,0.716534,-0.070783,0.0,0.0
Taxi,-0.657777,-0.063584,-0.022892,-0.022892
PublicTransport,-0.587373,-0.057789,-0.02321644355,-0.068215